negocioId,dataHora,quantidade,preco,quantidadeMedia,precoEfetivo,valorNegocio,produtoId,tendencia,tendenciaNegocio,mesmaEmpresa,cancelado
104572,2018-03-19T11:40:26,2184.0,248.0,1.0,248.0,541632.0,1753,=,C,False,False
104571,2018-03-19T11:40:26,2184.0,248.0,1.0,248.0,541632.0,1753,+,C,False,False
104570,2018-03-19T11:40:26,2184.0,247.5,1.0,247.5,540540.0,1753,+,C,False,False
104559,2018-03-19T11:21:26,2184.0,247.0,1.0,247.0,539448.0,1753,+,C,False,False
104556,2018-03-19T11:17:25,1528.8,246.5,0.7,246.5,376849.2,1753,+,C,False,False
104530,2018-03-19T10:33:40,2184.0,246.0,1.0,246.0,537264.0,1753,+,C,False,False
104523,2018-03-19T10:19:16,2184.0,245.0,1.0,245.0,535080.0,1753,+,C,False,False
104515,2018-03-16T17:49:53,2184.0,233.0,1.0,233.0,508872.0,1753,-,V,False,False
104514,2018-03-16T17:49:53,2184.0,234.0,1.0,234.0,511056.0,1753,-,V,False,False
104501,2018-03-16T16:58:35,2184.0,235.5,1.0,235.5,514332.0,1753,-,V,False,False
104483,2018-03-16T15:50:23,2184.0,237.0,1.0,237.0,517608.0,1753,+,C,False,False
104465,2018-03-16T15:06:12,2184.0,236.0,1.0,236.0,515424.0,1753,+,C,False,False
104462,2018-03-16T15:03:42,2184.0,235.11,1.0,235.11,513480.24,1753,+,V,False,False
104460,2018-03-16T15:01:42,2184.0,235.0,1.0,235.0,513240.0,1753,=,V,False,False
104444,2018-03-16T13:14:31,4368.0,235.0,2.0,235.0,1026480.0,1753,+,V,False,False
104443,2018-03-16T13:14:29,4368.0,234.0,2.0,234.0,1022112.0,1753,=,C,False,False
104435,2018-03-16T12:16:13,2184.0,234.0,1.0,234.0,511056.0,1753,+,V,False,False
104434,2018-03-16T12:15:24,4368.0,233.0,2.0,233.0,1017744.0,1753,-,C,False,False
104426,2018-03-16T11:50:10,218.4,234.0,0.1,234.0,51105.6,1753,=,C,False,False
104425,2018-03-16T11:50:00,1965.6,234.0,0.9,234.0,459950.4,1753,-,C,False,False
104424,2018-03-16T11:49:51,1965.6,235.0,0.9,235.0,461916.0,1753,=,V,False,False
104418,2018-03-16T11:45:40,4368.0,235.0,2.0,235.0,1026480.0,1753,=,V,False,False
104409,2018-03-16T11:41:11,4368.0,235.0,2.0,235.0,1026480.0,1753,=,C,False,False
104407,2018-03-16T11:40:53,218.4,235.0,0.1,235.0,51324.0,1753,-,V,False,False
104406,2018-03-16T11:38:34,4368.0,235.5,2.0,235.5,1028664.0,1753,=,V,False,False
104401,2018-03-16T11:31:30,873.6,235.5,0.4,235.5,205732.8,1753,-,V,False,False
104400,2018-03-16T11:30:32,2184.0,235.9,1.0,235.9,515205.6,1753,-,C,False,False
104398,2018-03-16T11:29:39,2184.0,236.0,1.0,236.0,515424.0,1753,=,V,False,False
104397,2018-03-16T11:29:26,2184.0,236.0,1.0,236.0,515424.0,1753,+,C,False,False
104396,2018-03-16T11:29:01,873.6,235.5,0.4,235.5,205732.8,1753,=,V,False,False
104395,2018-03-16T11:28:46,3712.8,235.5,1.7,235.5,874364.4,1753,-,V,False,False
104393,2018-03-16T11:27:53,2184.0,236.0,1.0,236.0,515424.0,1753,+,C,False,False
104392,2018-03-16T11:27:53,2184.0,235.5,1.0,235.5,514332.0,1753,-,C,False,False
104347,2018-03-15T17:29:34,2184.0,240.0,1.0,240.0,524160.0,1753,+,C,False,False
104344,2018-03-15T17:15:52,218.4,239.5,0.1,239.5,52306.8,1753,-,V,False,False
104342,2018-03-15T17:03:38,2184.0,240.0,1.0,240.0,524160.0,1753,=,C,False,False
104338,2018-03-15T16:44:47,2184.0,240.0,1.0,240.0,524160.0,1753,=,V,False,False
104337,2018-03-15T16:44:47,6552.0,240.0,3.0,240.0,1572480.0,1753,-,V,False,False
104324,2018-03-15T16:17:56,2184.0,243.0,1.0,243.0,530712.0,1753,=,V,False,False
104298,2018-03-15T15:13:59,2184.0,243.0,1.0,243.0,530712.0,1753,-,V,False,False
104286,2018-03-15T14:50:44,2184.0,245.0,1.0,245.0,535080.0,1753,=,V,False,False
104278,2018-03-15T14:25:41,2184.0,245.0,1.0,245.0,535080.0,1753,-,C,False,False
104274,2018-03-15T14:18:01,2184.0,245.5,1.0,245.5,536172.0,1753,+,C,False,False
104273,2018-03-15T14:18:01,2184.0,245.0,1.0,245.0,535080.0,1753,-,C,False,False
104240,2018-03-15T10:40:30,2184.0,246.0,1.0,246.0,537264.0,1753,=,C,False,False
104229,2018-03-15T10:32:19,2184.0,246.0,1.0,246.0,537264.0,1753,=,C,False,False
104228,2018-03-15T10:32:19,2184.0,246.0,1.0,246.0,537264.0,1753,=,C,False,False
104184,2018-03-15T09:45:40,2184.0,246.0,1.0,246.0,537264.0,1753,=,V,False,False
104181,2018-03-15T09:41:32,2184.0,246.0,1.0,246.0,537264.0,1753,+,C,False,False
104179,2018-03-15T09:41:13,2184.0,245.0,1.0,245.0,535080.0,1753,+,C,False,False
104172,2018-03-14T17:59:04,436.8,244.0,0.2,244.0,106579.2,1753,+,C,False,False
104151,2018-03-14T16:13:55,2184.0,242.0,1.0,242.0,528528.0,1753,=,V,False,False
104101,2018-03-14T10:52:56,1092.0,242.0,0.5,242.0,264264.0,1753,=,C,False,False
104098,2018-03-14T10:48:48,2184.0,242.0,1.0,242.0,528528.0,1753,=,C,False,False
104096,2018-03-14T10:45:52,1092.0,242.0,0.5,242.0,264264.0,1753,+,C,False,False
104094,2018-03-14T10:43:22,2184.0,241.5,1.0,241.5,527436.0,1753,+,C,False,False
104072,2018-03-13T17:05:25,2184.0,237.5,1.0,237.5,518700.0,1753,-,C,False,False
104020,2018-03-13T15:32:51,2184.0,238.0,1.0,238.0,519792.0,1753,+,C,False,False
104007,2018-03-13T15:18:21,2184.0,235.0,1.0,235.0,513240.0,1753,-,V,False,False
104006,2018-03-13T15:18:21,2184.0,237.0,1.0,237.0,517608.0,1753,=,V,False,False
104004,2018-03-13T15:15:17,2184.0,237.0,1.0,237.0,517608.0,1753,-,V,False,False
104003,2018-03-13T15:15:17,2184.0,237.5,1.0,237.5,518700.0,1753,-,V,False,False
104002,2018-03-13T15:15:17,2184.0,238.0,1.0,238.0,519792.0,1753,=,V,False,False
103996,2018-03-13T15:12:23,2184.0,238.0,1.0,238.0,519792.0,1753,-,V,False,False
103992,2018-03-13T15:00:45,2184.0,239.0,1.0,239.0,521976.0,1753,=,V,False,False
103991,2018-03-13T15:00:45,2184.0,239.0,1.0,239.0,521976.0,1753,-,V,False,False
103937,2018-03-13T11:08:59,2184.0,239.5,1.0,239.5,523068.0,1753,-,V,False,False
103936,2018-03-13T11:08:59,2184.0,239.75,1.0,239.75,523614.0,1753,-,V,False,False
103935,2018-03-13T11:08:59,2184.0,240.0,1.0,240.0,524160.0,1753,=,V,False,False
103933,2018-03-13T11:07:56,2184.0,240.0,1.0,240.0,524160.0,1753,=,V,False,False
103932,2018-03-13T11:07:56,2184.0,240.0,1.0,240.0,524160.0,1753,-,V,False,False
103923,2018-03-13T11:00:50,2184.0,240.5,1.0,240.5,525252.0,1753,=,V,False,False
103922,2018-03-13T11:00:50,2184.0,240.5,1.0,240.5,525252.0,1753,+,V,False,False
103884,2018-03-13T10:10:44,2184.0,240.0,1.0,240.0,524160.0,1753,=,C,False,False
103877,2018-03-13T10:05:14,6552.0,240.0,3.0,240.0,1572480.0,1753,-,V,False,False
103876,2018-03-13T10:05:14,2184.0,240.15,1.0,240.15,524487.6,1753,+,V,False,False
103863,2018-03-13T09:50:42,2184.0,240.0,1.0,240.0,524160.0,1753,=,V,False,False
103861,2018-03-13T09:50:20,4368.0,240.0,2.0,240.0,1048320.0,1753,=,V,False,False
103860,2018-03-13T09:50:20,2184.0,240.0,1.0,240.0,524160.0,1753,-,V,False,False
103859,2018-03-13T09:50:04,4368.0,241.0,2.0,241.0,1052688.0,1753,-,V,False,False
103858,2018-03-13T09:50:04,4368.0,241.5,2.0,241.5,1054872.0,1753,-,V,False,False
103857,2018-03-13T09:50:04,1528.8,242.0,0.7,242.0,369969.6,1753,=,V,False,False
103852,2018-03-13T09:47:13,655.2,242.0,0.3,242.0,158558.4,1753,=,V,False,False
103851,2018-03-13T09:47:13,4368.0,242.0,2.0,242.0,1057056.0,1753,-,V,False,False
103828,2018-03-12T17:50:30,2184.0,246.0,1.0,246.0,537264.0,1753,-,V,False,False
103827,2018-03-12T17:50:22,2184.0,247.0,1.0,247.0,539448.0,1753,-,V,False,False
103784,2018-03-12T14:54:32,2184.0,248.0,1.0,248.0,541632.0,1753,+,C,False,False
103781,2018-03-12T14:42:05,4368.0,247.5,2.0,247.5,1081080.0,1753,-,V,False,False
103778,2018-03-12T14:36:28,5460.0,248.5,2.5,248.5,1356810.0,1753,+,V,False,False
103777,2018-03-12T14:35:58,2184.0,248.0,1.0,248.0,541632.0,1753,-,V,False,False
103754,2018-03-12T12:01:28,4368.0,248.5,2.0,248.5,1085448.0,1753,+,V,False,False
103751,2018-03-12T11:50:41,4368.0,247.5,2.0,247.5,1081080.0,1753,-,V,False,False
103750,2018-03-12T11:50:32,4368.0,250.0,2.0,250.0,1092000.0,1753,=,C,False,False
103749,2018-03-12T11:50:32,2184.0,250.0,1.0,250.0,546000.0,1753,+,C,False,False
103748,2018-03-12T11:50:32,4368.0,249.0,2.0,249.0,1087632.0,1753,+,C,False,False
103732,2018-03-12T11:21:49,2184.0,246.0,1.0,246.0,537264.0,1753,+,C,False,False
103723,2018-03-12T10:48:54,2184.0,243.0,1.0,243.0,530712.0,1753,+,C,False,False
103720,2018-03-12T10:41:04,2184.0,242.0,1.0,242.0,528528.0,1753,+,C,False,False
103719,2018-03-12T10:41:04,2184.0,241.0,1.0,241.0,526344.0,1753,-,C,False,False
103717,2018-03-12T10:38:51,2184.0,243.0,1.0,243.0,530712.0,1753,+,C,False,False
103704,2018-03-12T10:18:17,2184.0,242.0,1.0,242.0,528528.0,1753,=,C,False,False
103703,2018-03-12T10:15:17,3276.0,242.0,1.5,242.0,792792.0,1753,+,C,False,False
103696,2018-03-12T10:00:00,2184.0,240.0,1.0,240.0,524160.0,1753,-,V,False,False
103695,2018-03-12T09:59:34,10920.0,241.0,5.0,241.0,2631720.0,1753,-,V,False,False
103691,2018-03-12T09:53:03,2184.0,244.0,1.0,244.0,532896.0,1753,-,V,False,False
103657,2018-03-09T17:33:20,2184.0,250.7,1.0,250.7,547528.8,1753,-,V,False,False
103656,2018-03-09T17:33:20,2184.0,251.0,1.0,251.0,548184.0,1753,-,V,False,False
103629,2018-03-09T16:30:43,2184.0,252.0,1.0,252.0,550368.0,1753,-,V,False,False
103588,2018-03-09T14:08:58,3276.0,252.85,1.5,252.85,828336.6,1753,+,C,False,False
103586,2018-03-09T12:09:28,1965.6,252.0,0.9,252.0,495331.2,1753,-,V,False,False
103572,2018-03-09T11:28:24,218.4,252.35,0.1,252.35,55113.24,1753,=,C,False,False
103571,2018-03-09T11:28:00,218.4,252.35,0.1,252.35,55113.24,1753,-,V,False,False
103568,2018-03-09T11:24:38,2184.0,253.5,1.0,253.5,553644.0,1753,+,C,False,False
103557,2018-03-09T10:59:57,2184.0,252.0,1.0,252.0,550368.0,1753,-,V,False,False
103555,2018-03-09T10:52:33,2184.0,253.0,1.0,253.0,552552.0,1753,=,V,False,False
103553,2018-03-09T10:51:26,2184.0,253.0,1.0,253.0,552552.0,1753,-,V,False,False
103552,2018-03-09T10:50:53,4368.0,253.5,2.0,253.5,1107288.0,1753,+,C,False,False
103551,2018-03-09T10:50:13,3931.2,253.0,1.8,253.0,994593.6,1753,+,C,False,False
103546,2018-03-09T10:36:14,2184.0,252.0,1.0,252.0,550368.0,1753,-,V,False,False
103542,2018-03-09T10:33:13,1747.2,254.0,0.8,254.0,443788.8,1753,=,V,False,False
103541,2018-03-09T10:31:00,218.4,254.0,0.1,254.0,55473.6,1753,-,V,False,False
103539,2018-03-09T10:26:47,2184.0,255.0,1.0,255.0,556920.0,1753,+,C,False,False
103538,2018-03-09T10:26:43,218.4,253.0,0.1,253.0,55255.2,1753,-,V,False,False
103537,2018-03-09T10:22:30,4368.0,255.0,2.0,255.0,1113840.0,1753,=,C,False,False
103536,2018-03-09T10:22:30,4368.0,255.0,2.0,255.0,1113840.0,1753,+,C,False,False
103521,2018-03-09T09:58:46,3276.0,252.0,1.5,252.0,825552.0,1753,-,V,False,False
103511,2018-03-08T17:04:12,2184.0,254.0,1.0,254.0,554736.0,1753,-,V,False,False
103480,2018-03-08T16:07:14,2184.0,256.0,1.0,256.0,559104.0,1753,+,C,False,False
103452,2018-03-08T15:06:49,6552.0,255.0,3.0,255.0,1670760.0,1753,=,V,False,False
103450,2018-03-08T15:06:04,4368.0,255.0,2.0,255.0,1113840.0,1753,+,C,False,False
103415,2018-03-08T12:17:35,2184.0,250.01,1.0,250.01,546021.84,1753,-,C,False,False
103410,2018-03-08T12:09:40,1747.2,252.0,0.8,252.0,440294.4,1753,+,C,False,False
103409,2018-03-08T12:09:07,2184.0,250.0,1.0,250.0,546000.0,1753,=,C,False,False
103403,2018-03-08T12:04:46,1310.4,250.0,0.6,250.0,327600.0,1753,=,C,False,False
103392,2018-03-08T11:43:10,6552.0,250.0,3.0,250.0,1638000.0,1753,=,C,False,False
103387,2018-03-08T11:32:41,7425.6,250.0,3.4,250.0,1856400.0,1753,=,C,False,False
103382,2018-03-08T11:30:27,1310.4,250.0,0.6,250.0,327600.0,1753,=,C,False,False
103367,2018-03-08T11:18:21,2184.0,250.0,1.0,250.0,546000.0,1753,+,C,False,False
103358,2018-03-08T11:08:00,2184.0,249.0,1.0,249.0,543816.0,1753,-,V,False,False
103350,2018-03-08T10:55:40,4368.0,250.0,2.0,250.0,1092000.0,1753,-,V,False,False
103340,2018-03-08T10:39:25,2184.0,251.0,1.0,251.0,548184.0,1753,-,V,False,False
103307,2018-03-07T17:46:40,2184.0,253.5,1.0,253.5,553644.0,1753,+,C,False,False
103306,2018-03-07T17:46:40,2184.0,253.0,1.0,253.0,552552.0,1753,=,C,False,False
103294,2018-03-07T17:25:20,2184.0,253.0,1.0,253.0,552552.0,1753,=,V,False,False
103290,2018-03-07T17:11:14,4368.0,253.0,2.0,253.0,1105104.0,1753,+,V,False,False
103260,2018-03-07T16:26:13,2184.0,252.01,1.0,252.01,550389.84,1753,-,V,False,False
103255,2018-03-07T16:24:10,2184.0,252.5,1.0,252.5,551460.0,1753,-,C,False,False
103248,2018-03-07T16:06:31,2402.4,253.0,1.1,253.0,607807.2,1753,=,V,False,False
103243,2018-03-07T16:06:03,1965.6,253.0,0.9,253.0,497296.8,1753,-,V,False,False
103237,2018-03-07T16:01:08,3276.0,253.5,1.5,253.5,830466.0,1753,-,V,False,False
103234,2018-03-07T15:59:58,2184.0,254.0,1.0,254.0,554736.0,1753,-,V,False,False
103232,2018-03-07T15:58:17,2184.0,254.5,1.0,254.5,555828.0,1753,-,V,False,False
103231,2018-03-07T15:58:09,2184.0,256.5,1.0,256.5,560196.0,1753,-,V,False,False
103221,2018-03-07T15:40:06,4368.0,257.0,2.0,257.0,1122576.0,1753,-,V,False,False
103188,2018-03-07T13:55:57,4368.0,258.0,2.0,258.0,1126944.0,1753,=,V,False,False
103187,2018-03-07T13:54:50,4368.0,258.0,2.0,258.0,1126944.0,1753,=,C,False,False
103185,2018-03-07T13:48:14,2184.0,258.0,1.0,258.0,563472.0,1753,+,C,False,False
103177,2018-03-07T12:10:41,2184.0,257.5,1.0,257.5,562380.0,1753,+,C,False,False
103168,2018-03-07T11:59:14,2184.0,255.0,1.0,255.0,556920.0,1753,=,V,False,False
103167,2018-03-07T11:59:14,1092.0,255.0,0.5,255.0,278460.0,1753,=,V,False,False
103166,2018-03-07T11:59:14,218.4,255.0,0.1,255.0,55692.0,1753,=,V,False,False
103144,2018-03-07T11:20:03,1092.0,255.0,0.5,255.0,278460.0,1753,=,V,False,False
103143,2018-03-07T11:19:49,2184.0,255.0,1.0,255.0,556920.0,1753,=,V,False,False
103112,2018-03-07T09:39:04,2184.0,255.0,1.0,255.0,556920.0,1753,-,V,False,False
103081,2018-03-06T17:43:02,1092.0,259.9,0.5,259.9,283810.8,1753,-,C,False,False
103063,2018-03-06T17:22:48,4368.0,260.0,2.0,260.0,1135680.0,1753,=,C,False,False
103062,2018-03-06T17:22:48,2184.0,260.0,1.0,260.0,567840.0,1753,+,C,False,False
103054,2018-03-06T17:03:19,2184.0,258.0,1.0,258.0,563472.0,1753,+,C,False,False
103038,2018-03-06T16:33:49,1747.2,257.5,0.8,257.5,449904.0,1753,+,C,False,False
102991,2018-03-06T15:56:56,1747.2,256.5,0.8,256.5,448156.8,1753,-,C,False,False
102990,2018-03-06T15:56:24,4368.0,257.0,2.0,257.0,1122576.0,1753,+,C,False,False
102970,2018-03-06T15:17:05,1092.0,255.5,0.5,255.5,279006.0,1753,+,C,False,False
102966,2018-03-06T15:11:51,2184.0,255.0,1.0,255.0,556920.0,1753,+,V,False,False
102961,2018-03-06T15:03:28,6552.0,254.0,3.0,254.0,1664208.0,1753,=,V,False,False
102960,2018-03-06T15:03:27,1965.6,254.0,0.9,254.0,499262.4,1753,=,V,False,False
102958,2018-03-06T14:58:55,218.4,254.0,0.1,254.0,55473.6,1753,=,C,False,False
102957,2018-03-06T14:56:40,4149.6,254.0,1.9,254.0,1053998.4,1753,=,V,False,False
102947,2018-03-06T14:38:44,4368.0,254.0,2.0,254.0,1109472.0,1753,+,C,False,False
102946,2018-03-06T14:24:41,1092.0,253.0,0.5,253.0,276276.0,1753,-,C,False,False
102933,2018-03-06T12:07:46,4368.0,254.0,2.0,254.0,1109472.0,1753,+,V,False,False
102930,2018-03-06T12:04:07,3494.4,253.5,1.6,253.5,885830.4,1753,-,V,False,False
102921,2018-03-06T11:29:41,4368.0,254.0,2.0,254.0,1109472.0,1753,=,V,False,False
102911,2018-03-06T11:11:52,2184.0,254.0,1.0,254.0,554736.0,1753,=,V,False,False
102904,2018-03-06T10:58:22,4368.0,254.0,2.0,254.0,1109472.0,1753,-,V,False,False
102887,2018-03-06T10:28:46,436.8,256.5,0.2,256.5,112039.2,1753,+,C,False,False
102884,2018-03-06T10:19:44,3057.6,256.0,1.4,256.0,782745.6,1753,+,V,False,False
102883,2018-03-06T10:17:03,873.6,255.0,0.4,255.0,222768.0,1753,=,C,False,False
102882,2018-03-06T10:16:45,2184.0,255.0,1.0,255.0,556920.0,1753,-,V,False,False
102878,2018-03-06T10:14:26,2184.0,256.0,1.0,256.0,559104.0,1753,-,V,False,False
102871,2018-03-06T10:00:37,1092.0,256.4,0.5,256.4,279988.8,1753,-,C,False,False
102870,2018-03-06T09:58:31,3276.0,257.0,1.5,257.0,841932.0,1753,=,V,False,False
102869,2018-03-06T09:58:02,6552.0,257.0,3.0,257.0,1683864.0,1753,=,C,False,False
102868,2018-03-06T09:58:02,2184.0,257.0,1.0,257.0,561288.0,1753,+,C,False,False
102867,2018-03-06T09:58:02,1310.4,256.5,0.6,256.5,336117.6,1753,+,C,False,False
102866,2018-03-06T09:58:02,3276.0,256.4,1.5,256.4,839966.4,1753,=,C,False,False
102841,2018-03-06T09:31:19,1310.4,256.4,0.6,256.4,335986.56,1753,=,V,False,False
102840,2018-03-06T09:30:59,873.6,256.4,0.4,256.4,223991.04,1753,-,V,False,False
102839,2018-03-06T09:30:59,1310.4,256.5,0.6,256.5,336117.6,1753,=,V,False,False
102838,2018-03-06T09:30:51,873.6,256.5,0.4,256.5,224078.4,1753,+,C,False,False
102837,2018-03-06T09:30:08,2184.0,256.4,1.0,256.4,559977.6,1753,+,C,False,False
102822,2018-03-06T09:21:34,8736.0,255.0,4.0,255.0,2227680.0,1753,-,V,False,False
102820,2018-03-06T09:18:03,4368.0,257.0,2.0,257.0,1122576.0,1753,+,C,False,False
102819,2018-03-06T09:17:54,2184.0,255.0,1.0,255.0,556920.0,1753,=,C,False,False
102815,2018-03-06T09:14:04,6552.0,255.0,3.0,255.0,1670760.0,1753,+,C,False,False
102814,2018-03-06T09:13:53,2184.0,254.0,1.0,254.0,554736.0,1753,+,C,False,False
102807,2018-03-05T17:59:21,1310.4,249.5,0.6,249.5,326944.8,1753,-,C,False,False
102806,2018-03-05T17:58:27,2184.0,250.5,1.0,250.5,547092.0,1753,+,C,False,False
102800,2018-03-05T17:51:22,4368.0,248.5,2.0,248.5,1085448.0,1753,+,V,False,False
102789,2018-03-05T17:29:48,4368.0,248.0,2.0,248.0,1083264.0,1753,-,V,False,False
102781,2018-03-05T17:20:05,2184.0,249.0,1.0,249.0,543816.0,1753,+,C,False,False
102768,2018-03-05T16:46:10,5460.0,248.0,2.5,248.0,1354080.0,1753,=,V,False,False
102756,2018-03-05T16:29:33,2184.0,248.0,1.0,248.0,541632.0,1753,-,V,False,False
102750,2018-03-05T16:15:54,4368.0,249.5,2.0,249.5,1089816.0,1753,=,C,False,False
102705,2018-03-05T14:45:58,2184.0,249.5,1.0,249.5,544908.0,1753,+,C,False,False
102699,2018-03-05T14:28:19,2184.0,248.5,1.0,248.5,542724.0,1753,+,C,False,False
102670,2018-03-05T11:23:57,4368.0,243.0,2.0,243.0,1061424.0,1753,-,V,False,False
102664,2018-03-05T11:18:00,2184.0,245.0,1.0,245.0,535080.0,1753,-,C,False,False
102662,2018-03-05T11:16:26,2184.0,245.5,1.0,245.5,536172.0,1753,+,C,False,False
102661,2018-03-05T11:16:13,2184.0,245.0,1.0,245.0,535080.0,1753,-,V,False,False
102660,2018-03-05T11:15:59,2184.0,245.5,1.0,245.5,536172.0,1753,-,V,False,False
102647,2018-03-05T10:50:33,2184.0,249.5,1.0,249.5,544908.0,1753,+,C,False,False
102619,2018-03-05T10:23:45,2184.0,249.0,1.0,249.0,543816.0,1753,-,C,False,False
102618,2018-03-05T10:22:43,4368.0,250.0,2.0,250.0,1092000.0,1753,+,C,False,False
102617,2018-03-05T10:22:37,1747.2,247.0,0.8,247.0,431558.4,1753,-,C,False,False
102616,2018-03-05T10:22:26,4368.0,248.0,2.0,248.0,1083264.0,1753,+,C,False,False
102614,2018-03-05T10:21:35,436.8,247.0,0.2,247.0,107889.6,1753,+,C,False,False
102548,2018-03-02T16:36:07,2184.0,245.0,1.0,245.0,535080.0,1753,=,C,False,False
102545,2018-03-02T16:29:00,2184.0,245.0,1.0,245.0,535080.0,1753,=,C,False,False
102544,2018-03-02T16:29:00,2184.0,245.0,1.0,245.0,535080.0,1753,+,C,False,False
102534,2018-03-02T16:01:20,4368.0,244.0,2.0,244.0,1065792.0,1753,+,C,False,False
102527,2018-03-02T15:41:35,1092.0,242.5,0.5,242.5,264810.0,1753,+,C,False,False
102524,2018-03-02T15:36:11,2184.0,242.0,1.0,242.0,528528.0,1753,-,C,False,False
102503,2018-03-02T14:54:20,2184.0,243.0,1.0,243.0,530712.0,1753,+,C,False,False
102502,2018-03-02T14:48:22,218.4,242.0,0.1,242.0,52852.8,1753,=,C,False,False
102485,2018-03-02T13:33:42,1965.6,242.0,0.9,242.0,475675.2,1753,=,C,False,False
102447,2018-03-02T11:16:56,6552.0,242.0,3.0,242.0,1585584.0,1753,+,C,False,False
102442,2018-03-02T11:12:09,4368.0,240.0,2.0,240.0,1048320.0,1753,-,V,False,False
102441,2018-03-02T11:12:09,3276.0,241.0,1.5,241.0,789516.0,1753,+,V,False,False
102436,2018-03-02T10:57:45,4368.0,240.0,2.0,240.0,1048320.0,1753,+,V,False,False
102294,2018-03-01T15:58:46,2184.0,242.0,1.0,242.0,528528.0,1753,+,C,False,False
102292,2018-03-01T15:57:37,2184.0,241.0,1.0,241.0,526344.0,1753,+,C,False,False
102248,2018-03-01T12:11:59,2184.0,235.0,1.0,235.0,513240.0,1753,+,C,False,False
102194,2018-02-28T17:59:46,4368.0,231.0,2.0,231.0,1009008.0,1753,=,C,False,False
102187,2018-02-28T17:58:00,2184.0,231.0,1.0,231.0,504504.0,1753,+,C,False,False
102175,2018-02-28T17:38:10,2184.0,230.0,1.0,230.0,502320.0,1753,-,V,False,False
102163,2018-02-28T17:24:49,4368.0,231.0,2.0,231.0,1009008.0,1753,=,V,False,False
102162,2018-02-28T17:24:49,4368.0,231.0,2.0,231.0,1009008.0,1753,-,V,False,False
102159,2018-02-28T17:23:47,2184.0,232.0,1.0,232.0,506688.0,1753,+,C,False,False
102158,2018-02-28T17:22:34,2184.0,230.0,1.0,230.0,502320.0,1753,+,C,False,False
102141,2018-02-28T16:26:40,2184.0,229.0,1.0,229.0,500136.0,1753,=,V,False,False
102140,2018-02-28T16:21:55,6552.0,229.0,3.0,229.0,1500408.0,1753,=,V,False,False
102139,2018-02-28T16:20:58,4368.0,229.0,2.0,229.0,1000272.0,1753,=,V,False,False
102133,2018-02-28T16:15:36,2184.0,229.0,1.0,229.0,500136.0,1753,-,V,False,False
102125,2018-02-28T16:01:07,4368.0,231.0,2.0,231.0,1009008.0,1753,-,V,False,False
102124,2018-02-28T16:01:06,2184.0,232.0,1.0,232.0,506688.0,1753,-,V,False,False
102123,2018-02-28T16:01:06,2184.0,233.0,1.0,233.0,508872.0,1753,-,V,False,False
102106,2018-02-28T15:06:10,1092.0,235.0,0.5,235.0,256620.0,1753,=,C,False,False
102104,2018-02-28T15:02:24,2184.0,235.0,1.0,235.0,513240.0,1753,+,C,False,False
102099,2018-02-28T14:42:57,2184.0,233.0,1.0,233.0,508872.0,1753,-,V,False,False
102072,2018-02-28T11:47:29,2184.0,236.0,1.0,236.0,515424.0,1753,-,V,False,False
102055,2018-02-28T10:51:56,2184.0,244.0,1.0,244.0,532896.0,1753,-,V,False,False
102047,2018-02-28T10:44:12,4368.0,245.0,2.0,245.0,1070160.0,1753,+,C,False,False
102044,2018-02-28T10:39:49,2184.0,244.99,1.0,244.99,535058.16,1753,+,C,False,False
102015,2018-02-27T17:25:42,3276.0,235.5,1.5,235.5,771498.0,1753,+,C,False,False
101999,2018-02-27T16:48:22,2184.0,231.0,1.0,231.0,504504.0,1753,+,V,False,False
101949,2018-02-27T15:24:16,4368.0,230.0,2.0,230.0,1004640.0,1753,=,V,False,False
101947,2018-02-27T15:22:57,2184.0,230.0,1.0,230.0,502320.0,1753,-,V,False,False
101946,2018-02-27T15:22:57,4368.0,231.0,2.0,231.0,1009008.0,1753,-,V,False,False
101945,2018-02-27T15:22:57,10920.0,231.2,5.0,231.2,2524704.0,1753,-,V,False,False
101944,2018-02-27T15:22:56,2184.0,231.3,1.0,231.3,505159.2,1753,-,V,False,False
101924,2018-02-27T14:56:20,2184.0,235.0,1.0,235.0,513240.0,1753,-,V,False,False
101909,2018-02-27T14:46:31,2184.0,238.0,1.0,238.0,519792.0,1753,-,V,False,False
101908,2018-02-27T14:46:31,2184.0,239.0,1.0,239.0,521976.0,1753,+,V,False,False
101907,2018-02-27T14:46:13,4368.0,236.5,2.0,236.5,1033032.0,1753,-,V,False,False
101906,2018-02-27T14:46:13,2184.0,237.5,1.0,237.5,518700.0,1753,-,V,False,False
101898,2018-02-27T14:27:42,2184.0,240.0,1.0,240.0,524160.0,1753,+,C,False,False
101882,2018-02-27T13:00:17,4368.0,239.0,2.0,239.0,1043952.0,1753,-,V,False,False
101881,2018-02-27T12:57:36,2184.0,240.0,1.0,240.0,524160.0,1753,-,V,False,False
101867,2018-02-27T11:32:33,3276.0,244.5,1.5,244.5,800982.0,1753,+,C,False,False
101866,2018-02-27T11:32:17,2184.0,244.0,1.0,244.0,532896.0,1753,=,C,False,False
101858,2018-02-27T11:22:21,1965.6,244.0,0.9,244.0,479606.4,1753,=,C,False,False
101853,2018-02-27T11:07:18,3276.0,244.0,1.5,244.0,799344.0,1753,+,V,False,False
101850,2018-02-27T11:01:23,3712.8,242.0,1.7,242.0,898497.6,1753,=,V,False,False
101848,2018-02-27T11:00:59,1747.2,242.0,0.8,242.0,422822.4,1753,+,V,False,False
101847,2018-02-27T11:00:51,1747.2,241.0,0.8,241.0,421075.2,1753,=,C,False,False
101846,2018-02-27T11:00:00,436.8,241.0,0.2,241.0,105268.8,1753,+,C,False,False
101845,2018-02-27T10:58:52,4368.0,240.0,2.0,240.0,1048320.0,1753,+,C,False,False
101838,2018-02-27T10:50:34,2184.0,239.0,1.0,239.0,521976.0,1753,+,C,False,False
101834,2018-02-27T10:44:27,2184.0,238.5,1.0,238.5,520884.0,1753,+,C,False,False
101833,2018-02-27T10:39:56,2184.0,237.0,1.0,237.0,517608.0,1753,-,V,False,False
101822,2018-02-27T10:28:05,2184.0,238.0,1.0,238.0,519792.0,1753,-,V,False,False
101821,2018-02-27T10:28:05,3276.0,238.5,1.5,238.5,781326.0,1753,-,V,False,False
101820,2018-02-27T10:24:19,2184.0,239.0,1.0,239.0,521976.0,1753,+,V,False,False
101819,2018-02-27T10:23:54,6552.0,238.0,3.0,238.0,1559376.0,1753,-,V,False,False
101818,2018-02-27T10:23:37,2184.0,239.0,1.0,239.0,521976.0,1753,-,V,False,False
101806,2018-02-27T10:17:25,2184.0,240.0,1.0,240.0,524160.0,1753,-,V,False,False
101805,2018-02-27T10:17:18,2184.0,241.0,1.0,241.0,526344.0,1753,-,V,False,False
101804,2018-02-27T10:16:45,2184.0,242.1,1.0,242.1,528746.4,1753,-,V,False,False
101792,2018-02-27T09:45:06,2184.0,244.0,1.0,244.0,532896.0,1753,-,V,False,False
101790,2018-02-27T09:41:16,2184.0,245.0,1.0,245.0,535080.0,1753,=,V,False,False
101789,2018-02-27T09:38:55,2184.0,245.0,1.0,245.0,535080.0,1753,+,V,False,False
101784,2018-02-26T17:56:22,10920.0,241.0,5.0,241.0,2631720.0,1753,-,V,False,False
101780,2018-02-26T17:51:52,1092.0,245.0,0.5,245.0,267540.0,1753,=,C,False,False
101743,2018-02-26T16:25:42,2184.0,245.0,1.0,245.0,535080.0,1753,+,C,False,False
101731,2018-02-26T16:04:20,3276.0,241.0,1.5,241.0,789516.0,1753,+,V,False,False
101725,2018-02-26T15:51:32,10920.0,240.0,5.0,240.0,2620800.0,1753,-,V,False,False
101715,2018-02-26T15:47:55,15288.0,243.0,7.0,243.0,3714984.0,1753,-,V,False,False
101705,2018-02-26T15:30:23,436.8,244.2,0.2,244.2,106666.56,1753,+,V,False,False
101703,2018-02-26T15:29:24,2184.0,244.0,1.0,244.0,532896.0,1753,+,V,False,False
101702,2018-02-26T15:28:50,2184.0,243.5,1.0,243.5,531804.0,1753,-,V,False,False
101701,2018-02-26T15:28:50,2184.0,244.0,1.0,244.0,532896.0,1753,-,V,False,False
101700,2018-02-26T15:28:22,2402.4,244.5,1.1,244.5,587386.8,1753,=,V,False,False
101698,2018-02-26T15:27:54,4149.6,244.5,1.9,244.5,1014577.2,1753,-,V,False,False
101687,2018-02-26T15:22:42,2184.0,245.0,1.0,245.0,535080.0,1753,+,C,False,False
101686,2018-02-26T15:22:36,4368.0,244.01,2.0,244.01,1065835.68,1753,-,V,False,False
101685,2018-02-26T15:22:36,1747.2,244.2,0.8,244.2,426666.24,1753,+,V,False,False
101672,2018-02-26T15:06:09,2184.0,244.01,1.0,244.01,532917.84,1753,-,V,False,False
101671,2018-02-26T15:05:53,2184.0,244.5,1.0,244.5,533988.0,1753,-,V,False,False
101670,2018-02-26T15:05:09,2184.0,245.0,1.0,245.0,535080.0,1753,+,V,False,False
101659,2018-02-26T14:45:13,1747.2,244.0,0.8,244.0,426316.8,1753,-,V,False,False
101656,2018-02-26T14:43:27,2184.0,245.0,1.0,245.0,535080.0,1753,=,V,False,False
101654,2018-02-26T14:41:38,2184.0,245.0,1.0,245.0,535080.0,1753,-,V,False,False
101653,2018-02-26T14:40:33,2184.0,246.0,1.0,246.0,537264.0,1753,-,V,False,False
101652,2018-02-26T14:40:33,2184.0,247.0,1.0,247.0,539448.0,1753,=,V,False,False
101650,2018-02-26T14:34:57,2184.0,247.0,1.0,247.0,539448.0,1753,-,V,False,False
101639,2018-02-26T14:18:28,2184.0,249.0,1.0,249.0,543816.0,1753,-,V,False,False
101636,2018-02-26T14:12:53,2184.0,252.0,1.0,252.0,550368.0,1753,+,V,False,False
101635,2018-02-26T14:11:54,4368.0,251.69,2.0,251.69,1099381.92,1753,-,V,False,False
101634,2018-02-26T14:11:54,2184.0,252.0,1.0,252.0,550368.0,1753,+,V,False,False
101562,2018-02-23T17:35:20,2184.0,247.0,1.0,247.0,539448.0,1753,,C,False,False
101552,2018-02-23T17:18:27,2184.0,247.0,1.0,247.0,539448.0,1753,,V,False,False
101548,2018-02-23T16:50:36,2184.0,248.0,1.0,248.0,541632.0,1753,,C,False,False
101524,2018-02-23T15:30:54,1092.0,249.0,0.5,249.0,271908.0,1753,,C,False,False
101523,2018-02-23T15:30:54,655.2,247.5,0.3,247.5,162162.0,1753,,C,False,False
101519,2018-02-23T15:22:18,1528.8,247.5,0.7,247.5,378378.0,1753,,C,False,False
101514,2018-02-23T15:15:23,2184.0,247.5,1.0,247.5,540540.0,1753,,C,False,False
101513,2018-02-23T15:15:23,4368.0,247.4,2.0,247.4,1080643.2,1753,,C,False,False
101508,2018-02-23T14:55:42,218.4,247.0,0.1,247.0,53944.8,1753,,V,False,False
101491,2018-02-23T12:04:33,1092.0,247.0,0.5,247.0,269724.0,1753,,C,False,False
101443,2018-02-23T10:53:54,2184.0,245.0,1.0,245.0,535080.0,1753,,V,False,False
101376,2018-02-23T09:40:32,873.6,243.0,0.4,243.0,212284.8,1753,,V,False,False
101375,2018-02-23T09:39:09,1310.4,243.0,0.6,243.0,318427.2,1753,,V,False,False
101374,2018-02-23T09:38:51,4368.0,245.0,2.0,245.0,1070160.0,1753,,V,False,False
101368,2018-02-23T09:31:12,2184.0,246.0,1.0,246.0,537264.0,1753,,V,False,False
101367,2018-02-23T09:30:39,2184.0,247.0,1.0,247.0,539448.0,1753,,V,False,False
101348,2018-02-22T17:19:55,5896.8,250.0,2.7,250.0,1474200.0,1753,,V,False,False
101347,2018-02-22T17:18:15,5023.2,250.0,2.3,250.0,1255800.0,1753,,V,False,False
101345,2018-02-22T17:15:56,10920.0,250.0,5.0,250.0,2730000.0,1753,,V,False,False
101341,2018-02-22T17:13:57,2184.0,250.0,1.0,250.0,546000.0,1753,,V,False,False
101340,2018-02-22T17:13:57,2184.0,250.5,1.0,250.5,547092.0,1753,,V,False,False
101332,2018-02-22T17:10:09,4368.0,251.0,2.0,251.0,1096368.0,1753,,V,False,False
101327,2018-02-22T17:05:25,4368.0,253.5,2.0,253.5,1107288.0,1753,,V,False,False
101277,2018-02-22T15:21:26,4368.0,257.0,2.0,257.0,1122576.0,1753,,C,False,False
101259,2018-02-22T15:01:07,2184.0,257.0,1.0,257.0,561288.0,1753,,C,False,False
101258,2018-02-22T15:01:07,4368.0,256.5,2.0,256.5,1120392.0,1753,,C,False,False
101254,2018-02-22T14:54:31,2184.0,255.0,1.0,255.0,556920.0,1753,,V,False,False
101253,2018-02-22T14:53:34,4368.0,255.0,2.0,255.0,1113840.0,1753,,C,False,False
101252,2018-02-22T14:51:29,4368.0,255.0,2.0,255.0,1113840.0,1753,,C,False,False
101249,2018-02-22T14:42:24,4368.0,255.0,2.0,255.0,1113840.0,1753,,C,False,False
101240,2018-02-22T12:08:06,2184.0,251.0,1.0,251.0,548184.0,1753,,V,False,False
101239,2018-02-22T12:07:27,2184.0,251.0,1.0,251.0,548184.0,1753,,V,False,False
101213,2018-02-22T11:14:28,4368.0,252.0,2.0,252.0,1100736.0,1753,,V,False,False
101212,2018-02-22T11:13:15,6552.0,252.0,3.0,252.0,1651104.0,1753,,V,False,False
101159,2018-02-21T17:49:34,2184.0,250.0,1.0,250.0,546000.0,1753,,V,False,False
101113,2018-02-21T16:11:39,2184.0,253.0,1.0,253.0,552552.0,1753,,C,False,False
101112,2018-02-21T16:11:08,2184.0,254.0,1.0,254.0,554736.0,1753,,C,False,False
101111,2018-02-21T16:10:37,2184.0,253.0,1.0,253.0,552552.0,1753,,C,False,False
101110,2018-02-21T16:10:37,4368.0,252.9,2.0,252.9,1104667.2,1753,,C,False,False
101106,2018-02-21T16:02:49,2184.0,251.5,1.0,251.5,549276.0,1753,,C,False,False
101104,2018-02-21T16:00:21,4368.0,251.0,2.0,251.0,1096368.0,1753,,C,False,False
101072,2018-02-21T14:53:49,4368.0,249.01,2.0,249.01,1087675.68,1753,,V,False,False
101042,2018-02-21T14:27:39,2184.0,250.0,1.0,250.0,546000.0,1753,,V,False,False
101041,2018-02-21T14:27:22,4368.0,249.0,2.0,249.0,1087632.0,1753,,V,False,False
101040,2018-02-21T14:27:22,4368.0,250.0,2.0,250.0,1092000.0,1753,,V,False,False
101039,2018-02-21T14:27:10,2184.0,251.0,1.0,251.0,548184.0,1753,,V,False,False
101038,2018-02-21T14:25:52,2184.0,251.5,1.0,251.5,549276.0,1753,,V,False,False
101021,2018-02-21T13:30:43,6552.0,253.0,3.0,253.0,1657656.0,1753,,C,False,False
101008,2018-02-21T11:38:14,2184.0,253.0,1.0,253.0,552552.0,1753,,V,False,False
101006,2018-02-21T11:35:21,2184.0,253.0,1.0,253.0,552552.0,1753,,V,False,False
100997,2018-02-21T11:17:46,2184.0,255.0,1.0,255.0,556920.0,1753,,C,False,False
100992,2018-02-21T10:47:20,2184.0,255.0,1.0,255.0,556920.0,1753,,V,False,False
100990,2018-02-21T10:45:28,2184.0,255.0,1.0,255.0,556920.0,1753,,V,False,False
100982,2018-02-21T10:25:17,2184.0,255.0,1.0,255.0,556920.0,1753,,V,False,False
100978,2018-02-21T10:22:52,4368.0,255.0,2.0,255.0,1113840.0,1753,,V,False,False
100969,2018-02-21T09:57:32,4368.0,258.0,2.0,258.0,1126944.0,1753,,V,False,False
100968,2018-02-21T09:57:27,4368.0,258.0,2.0,258.0,1126944.0,1753,,C,False,False
100966,2018-02-21T09:48:52,2184.0,259.0,1.0,259.0,565656.0,1753,,C,False,False
100963,2018-02-21T09:47:11,2184.0,259.0,1.0,259.0,565656.0,1753,,C,False,False
100958,2018-02-21T09:38:43,2184.0,260.0,1.0,260.0,567840.0,1753,,C,False,False
100957,2018-02-21T09:38:43,2184.0,259.99,1.0,259.99,567818.16,1753,,C,False,False
100946,2018-02-21T09:26:31,2184.0,260.0,1.0,260.0,567840.0,1753,,V,False,False
100943,2018-02-21T09:24:56,2184.0,260.0,1.0,260.0,567840.0,1753,,V,False,False
100940,2018-02-21T09:23:27,2184.0,261.0,1.0,261.0,570024.0,1753,,V,False,False
100939,2018-02-21T09:23:09,2184.0,260.5,1.0,260.5,568932.0,1753,,C,False,False
100937,2018-02-21T09:22:19,2184.0,261.0,1.0,261.0,570024.0,1753,,C,False,False
100934,2018-02-21T09:20:56,1747.2,262.0,0.8,262.0,457766.4,1753,,V,False,False
100932,2018-02-21T09:20:28,436.8,262.0,0.2,262.0,114441.6,1753,,C,False,False
100931,2018-02-21T09:20:28,4368.0,261.0,2.0,261.0,1140048.0,1753,,C,False,False
100930,2018-02-21T09:20:28,2184.0,260.0,1.0,260.0,567840.0,1753,,C,False,False
100925,2018-02-20T17:58:30,2184.0,248.0,1.0,248.0,541632.0,1753,,C,False,False
100921,2018-02-20T17:52:20,2184.0,244.0,1.0,244.0,532896.0,1753,,V,False,False
100917,2018-02-20T17:42:52,4368.0,245.0,2.0,245.0,1070160.0,1753,,V,False,False
100900,2018-02-20T17:13:15,2184.0,247.0,1.0,247.0,539448.0,1753,,V,False,False
100893,2018-02-20T17:03:58,4368.0,246.5,2.0,246.5,1076712.0,1753,,V,False,False
100892,2018-02-20T17:03:38,2184.0,247.0,1.0,247.0,539448.0,1753,,V,False,False
100891,2018-02-20T17:03:38,873.6,247.5,0.4,247.5,216216.0,1753,,V,False,False
100890,2018-02-20T17:01:44,1310.4,247.5,0.6,247.5,324324.0,1753,,V,False,False
100889,2018-02-20T17:01:26,2184.0,248.0,1.0,248.0,541632.0,1753,,V,False,False
100872,2018-02-20T16:49:51,2184.0,250.0,1.0,250.0,546000.0,1753,,V,False,False
100852,2018-02-20T16:20:01,2402.4,252.5,1.1,252.5,606606.0,1753,,V,False,False
100850,2018-02-20T16:17:50,873.6,252.5,0.4,252.5,220584.0,1753,,V,False,False
100849,2018-02-20T16:05:00,2184.0,252.0,1.0,252.0,550368.0,1753,,C,False,False
100847,2018-02-20T15:56:44,4368.0,251.0,2.0,251.0,1096368.0,1753,,V,False,False
100813,2018-02-20T12:06:18,1092.0,252.5,0.5,252.5,275730.0,1753,,V,False,False
100812,2018-02-20T11:57:58,1092.0,253.5,0.5,253.5,276822.0,1753,,V,False,False
100801,2018-02-20T11:39:38,2184.0,253.5,1.0,253.5,553644.0,1753,,V,False,False
100800,2018-02-20T11:39:01,1092.0,254.0,0.5,254.0,277368.0,1753,,V,False,False
100795,2018-02-20T11:29:37,1092.0,254.0,0.5,254.0,277368.0,1753,,V,False,False
100762,2018-02-20T10:44:23,2184.0,258.5,1.0,258.5,564564.0,1753,,V,False,False
100759,2018-02-20T10:36:26,2184.0,260.0,1.0,260.0,567840.0,1753,,C,False,False
100751,2018-02-20T10:26:40,2184.0,262.0,1.0,262.0,572208.0,1753,,C,False,False
100746,2018-02-20T10:20:07,2184.0,260.5,1.0,260.5,568932.0,1753,,V,False,False
100745,2018-02-20T10:19:21,2184.0,261.0,1.0,261.0,570024.0,1753,,C,False,False
100738,2018-02-20T10:13:38,2184.0,261.0,1.0,261.0,570024.0,1753,,C,False,False
100734,2018-02-20T10:10:48,2184.0,259.5,1.0,259.5,566748.0,1753,,C,False,False
100722,2018-02-20T09:52:49,4368.0,260.0,2.0,260.0,1135680.0,1753,,C,False,False
100721,2018-02-20T09:52:49,4368.0,259.0,2.0,259.0,1131312.0,1753,,C,False,False
100704,2018-02-19T17:58:22,2184.0,252.0,1.0,252.0,550368.0,1753,,C,False,False
100668,2018-02-19T17:08:32,2184.0,252.0,1.0,252.0,550368.0,1753,,C,False,False
100667,2018-02-19T17:04:01,2184.0,251.0,1.0,251.0,548184.0,1753,,C,False,False
100664,2018-02-19T16:52:05,1310.4,252.0,0.6,252.0,330220.8,1753,,C,False,False
100663,2018-02-19T16:52:05,1310.4,252.0,0.6,252.0,330220.8,1753,,C,False,False
100659,2018-02-19T16:41:17,1310.4,252.0,0.6,252.0,330220.8,1753,,V,False,False
100657,2018-02-19T16:41:07,2184.0,251.0,1.0,251.0,548184.0,1753,,C,False,False
100656,2018-02-19T16:40:22,3057.6,252.0,1.4,252.0,770515.2,1753,,C,False,False
100643,2018-02-19T16:10:42,2184.0,252.0,1.0,252.0,550368.0,1753,,C,False,False
100642,2018-02-19T16:10:42,2184.0,252.0,1.0,252.0,550368.0,1753,,C,False,False
100641,2018-02-19T16:10:42,4368.0,251.5,2.0,251.5,1098552.0,1753,,C,False,False
100640,2018-02-19T16:10:42,2184.0,251.0,1.0,251.0,548184.0,1753,,C,False,False
100599,2018-02-19T14:38:55,4368.0,250.0,2.0,250.0,1092000.0,1753,,C,False,False
100588,2018-02-19T13:58:15,4368.0,248.0,2.0,248.0,1083264.0,1753,,V,False,False
100583,2018-02-19T13:06:29,1747.2,252.5,0.8,252.5,441168.0,1753,,C,False,False
100559,2018-02-19T11:38:01,2184.0,252.0,1.0,252.0,550368.0,1753,,C,False,False
100553,2018-02-19T11:31:13,4368.0,251.0,2.0,251.0,1096368.0,1753,,C,False,False
100548,2018-02-19T11:22:34,6552.0,246.0,3.0,246.0,1611792.0,1753,,C,False,False
100542,2018-02-19T11:08:18,4368.0,241.0,2.0,241.0,1052688.0,1753,,C,False,False
100529,2018-02-19T10:20:10,2184.0,235.5,1.0,235.5,514332.0,1753,,C,False,False
100528,2018-02-19T10:20:08,4368.0,236.0,2.0,236.0,1030848.0,1753,,C,False,False
100524,2018-02-19T10:11:49,2184.0,235.0,1.0,235.0,513240.0,1753,,C,False,False
100495,2018-02-19T09:34:25,2184.0,229.0,1.0,229.0,500136.0,1753,,C,False,False
100487,2018-02-19T09:18:28,2184.0,227.0,1.0,227.0,495768.0,1753,,C,False,False
100477,2018-02-16T17:46:46,13104.0,226.0,6.0,226.0,2961504.0,1753,,C,False,False
100464,2018-02-16T16:51:22,2184.0,222.0,1.0,222.0,484848.0,1753,,V,False,False
100463,2018-02-16T16:51:22,2184.0,222.5,1.0,222.5,485940.0,1753,,V,False,False
100462,2018-02-16T16:50:51,2184.0,225.0,1.0,225.0,491400.0,1753,,C,False,False
100461,2018-02-16T16:50:51,2184.0,225.0,1.0,225.0,491400.0,1753,,C,False,False
100460,2018-02-16T16:49:32,2184.0,224.0,1.0,224.0,489216.0,1753,,C,False,False
100450,2018-02-16T15:57:46,2184.0,224.0,1.0,224.0,489216.0,1753,,C,False,False
100447,2018-02-16T15:49:00,2184.0,224.5,1.0,224.5,490308.0,1753,,C,False,False
100428,2018-02-16T14:32:29,2184.0,220.0,1.0,220.0,480480.0,1753,,C,False,False
100421,2018-02-16T12:09:28,2184.0,220.0,1.0,220.0,480480.0,1753,,C,False,False
100414,2018-02-16T11:58:26,2184.0,219.0,1.0,219.0,478296.0,1753,,V,False,False
100413,2018-02-16T11:58:09,2184.0,219.0,1.0,219.0,478296.0,1753,,V,False,False
100412,2018-02-16T11:58:02,873.6,219.6,0.4,219.6,191842.56,1753,,C,False,False
100411,2018-02-16T11:57:25,218.4,219.6,0.1,219.6,47960.64,1753,,V,False,False
100410,2018-02-16T11:57:02,1092.0,219.6,0.5,219.6,239803.2,1753,,V,False,False
100386,2018-02-16T10:56:34,2184.0,220.0,1.0,220.0,480480.0,1753,,V,False,False
100355,2018-02-16T09:58:07,4368.0,224.0,2.0,224.0,978432.0,1753,,C,False,False
100337,2018-02-16T09:50:15,4368.0,225.0,2.0,225.0,982800.0,1753,,C,False,False
100297,2018-02-15T16:41:55,2184.0,219.0,1.0,219.0,478296.0,1753,,V,False,False
100296,2018-02-15T16:36:14,2184.0,220.0,1.0,220.0,480480.0,1753,,C,False,False
100291,2018-02-15T16:21:17,2184.0,214.0,1.0,214.0,467376.0,1753,,V,False,False
100289,2018-02-15T16:10:30,2184.0,214.0,1.0,214.0,467376.0,1753,,V,False,False
100281,2018-02-15T15:47:05,4368.0,214.0,2.0,214.0,934752.0,1753,,V,False,False
100280,2018-02-15T15:47:05,2184.0,214.5,1.0,214.5,468468.0,1753,,V,False,False
100269,2018-02-15T15:11:29,2184.0,215.0,1.0,215.0,469560.0,1753,,V,False,False
100268,2018-02-15T15:10:46,2184.0,215.0,1.0,215.0,469560.0,1753,,V,False,False
100243,2018-02-15T12:33:02,2184.0,215.0,1.0,215.0,469560.0,1753,,V,False,False
100242,2018-02-15T12:32:25,2184.0,215.0,1.0,215.0,469560.0,1753,,V,False,False
100238,2018-02-15T12:18:25,1092.0,218.0,0.5,218.0,238056.0,1753,,V,False,False
100236,2018-02-15T12:17:08,1092.0,218.0,0.5,218.0,238056.0,1753,,V,False,False
100135,2018-02-14T12:06:43,4368.0,215.0,2.0,215.0,939120.0,1753,,V,False,False
100134,2018-02-14T11:35:21,2184.0,215.0,1.0,215.0,469560.0,1753,,V,False,False
100130,2018-02-14T10:36:16,2184.0,220.0,1.0,220.0,480480.0,1753,,C,False,False
100129,2018-02-14T10:36:16,2184.0,220.0,1.0,220.0,480480.0,1753,,C,False,False
100128,2018-02-14T10:36:15,2184.0,220.0,1.0,220.0,480480.0,1753,,C,False,False
100112,2018-02-09T16:28:17,2184.0,211.0,1.0,211.0,460824.0,1753,,C,False,False
100095,2018-02-09T15:17:56,1747.2,212.0,0.8,212.0,370406.4,1753,,C,False,False
100092,2018-02-09T15:09:22,436.8,209.0,0.2,209.0,91291.2,1753,,C,False,False
100090,2018-02-09T15:08:43,1747.2,209.0,0.8,209.0,365164.8,1753,,C,False,False
100086,2018-02-09T15:04:51,2184.0,209.0,1.0,209.0,456456.0,1753,,C,False,False
100085,2018-02-09T15:01:55,2184.0,210.0,1.0,210.0,458640.0,1753,,C,False,False
100084,2018-02-09T15:01:34,2184.0,210.0,1.0,210.0,458640.0,1753,,V,False,False
100083,2018-02-09T15:01:26,2184.0,209.0,1.0,209.0,456456.0,1753,,C,False,False
100082,2018-02-09T15:00:46,2184.0,210.0,1.0,210.0,458640.0,1753,,V,False,False
100081,2018-02-09T15:00:38,2184.0,209.0,1.0,209.0,456456.0,1753,,C,False,False
100070,2018-02-09T12:57:30,2184.0,211.0,1.0,211.0,460824.0,1753,,V,False,False
100048,2018-02-08T17:46:09,2184.0,210.0,1.0,210.0,458640.0,1753,,V,False,False
100047,2018-02-08T17:43:23,4368.0,212.5,2.0,212.5,928200.0,1753,,C,False,False
100046,2018-02-08T17:42:14,5023.2,211.0,2.3,211.0,1059895.2,1753,,C,False,False
100045,2018-02-08T17:41:46,2184.0,213.0,1.0,213.0,465192.0,1753,,C,False,False
100044,2018-02-08T17:41:46,2184.0,212.0,1.0,212.0,463008.0,1753,,C,False,False
100042,2018-02-08T17:23:49,2184.0,210.0,1.0,210.0,458640.0,1753,,C,False,False
100035,2018-02-08T17:13:58,4368.0,210.0,2.0,210.0,917280.0,1753,,C,False,False
100031,2018-02-08T16:58:15,2184.0,210.5,1.0,210.5,459732.0,1753,,C,False,False
100030,2018-02-08T16:58:15,2184.0,209.0,1.0,209.0,456456.0,1753,,C,False,False
100028,2018-02-08T16:52:24,2184.0,208.0,1.0,208.0,454272.0,1753,,C,False,False
100010,2018-02-08T15:36:07,4368.0,207.0,2.0,207.0,904176.0,1753,,V,False,False
100009,2018-02-08T15:36:07,2184.0,208.0,1.0,208.0,454272.0,1753,,V,False,False
100005,2018-02-08T15:29:27,4368.0,210.0,2.0,210.0,917280.0,1753,,C,False,False
99998,2018-02-08T13:56:46,2184.0,207.0,1.0,207.0,452088.0,1753,,V,False,False
99995,2018-02-08T12:30:28,4368.0,210.0,2.0,210.0,917280.0,1753,,V,False,False
99991,2018-02-08T12:00:28,1528.8,211.0,0.7,211.0,322576.8,1753,,V,False,False
99989,2018-02-08T11:36:37,1310.4,213.0,0.6,213.0,279115.2,1753,,C,False,False
99980,2018-02-08T11:19:53,5678.4,211.0,2.6,211.0,1198142.4,1753,,C,False,False
99978,2018-02-08T11:15:02,655.2,211.0,0.3,211.0,138247.2,1753,,C,False,False
99977,2018-02-08T11:14:10,218.4,211.0,0.1,211.0,46082.4,1753,,C,False,False
99974,2018-02-08T10:41:40,436.8,210.0,0.2,210.0,91728.0,1753,,C,False,False
99973,2018-02-08T10:41:21,1747.2,210.0,0.8,210.0,366912.0,1753,,C,False,False
99942,2018-02-07T16:30:30,2184.0,214.0,1.0,214.0,467376.0,1753,,V,False,False
99941,2018-02-07T16:29:05,4368.0,214.0,2.0,214.0,934752.0,1753,,V,False,False
99939,2018-02-07T16:27:30,4368.0,214.0,2.0,214.0,934752.0,1753,,V,False,False
99933,2018-02-07T16:22:12,1092.0,214.0,0.5,214.0,233688.0,1753,,C,False,False
99932,2018-02-07T16:21:40,1092.0,214.0,0.5,214.0,233688.0,1753,,V,False,False
99930,2018-02-07T16:19:16,4368.0,214.0,2.0,214.0,934752.0,1753,,V,False,False
99929,2018-02-07T16:18:49,1092.0,214.0,0.5,214.0,233688.0,1753,,C,False,False
99909,2018-02-07T12:39:01,4368.0,210.0,2.0,210.0,917280.0,1753,,C,False,False
99905,2018-02-07T11:54:50,2184.0,210.0,1.0,210.0,458640.0,1753,,C,False,False
99896,2018-02-07T11:07:39,4368.0,210.0,2.0,210.0,917280.0,1753,,V,False,False
99864,2018-02-07T10:04:11,1747.2,217.0,0.8,217.0,379142.4,1753,,C,False,False
99861,2018-02-07T10:02:37,436.8,217.0,0.2,217.0,94785.6,1753,,C,False,False
99855,2018-02-07T09:38:38,2184.0,215.0,1.0,215.0,469560.0,1753,,C,False,False
99854,2018-02-07T09:36:04,2184.0,212.0,1.0,212.0,463008.0,1753,,C,False,False
99853,2018-02-07T09:36:04,2184.0,211.0,1.0,211.0,460824.0,1753,,C,False,False
99852,2018-02-07T09:07:51,2184.0,205.0,1.0,205.0,447720.0,1753,,C,False,False
99851,2018-02-07T09:05:24,2184.0,200.0,1.0,200.0,436800.0,1753,,C,False,False
99776,2018-02-06T11:39:52,3276.0,198.0,1.5,198.0,648648.0,1753,,V,False,False
99769,2018-02-06T11:23:49,2184.0,197.0,1.0,197.0,430248.0,1753,,V,False,False
99754,2018-02-06T10:50:49,4368.0,195.0,2.0,195.0,851760.0,1753,,C,False,False
99740,2018-02-06T10:21:11,2184.0,195.0,1.0,195.0,425880.0,1753,,C,False,False
99738,2018-02-06T10:20:06,2184.0,192.0,1.0,192.0,419328.0,1753,,C,False,False
99734,2018-02-06T10:10:30,4368.0,190.0,2.0,190.0,829920.0,1753,,C,False,False
99715,2018-02-06T09:50:27,2184.0,189.0,1.0,189.0,412776.0,1753,,V,False,False
99710,2018-02-06T09:49:30,6552.0,190.0,3.0,190.0,1244880.0,1753,,V,False,False
99686,2018-02-05T17:19:01,10920.0,195.0,5.0,195.0,2129400.0,1753,,C,False,False
99685,2018-02-05T17:19:01,2184.0,194.0,1.0,194.0,423696.0,1753,,C,False,False
99676,2018-02-05T16:41:41,4368.0,192.1,2.0,192.1,839092.8,1753,,V,False,False
99670,2018-02-05T16:21:00,2184.0,193.0,1.0,193.0,421512.0,1753,,V,False,False
99651,2018-02-05T15:49:00,4368.0,192.0,2.0,192.0,838656.0,1753,,V,False,False
99650,2018-02-05T15:49:00,2184.0,192.1,1.0,192.1,419546.4,1753,,V,False,False
99646,2018-02-05T15:35:06,2184.0,193.1,1.0,193.1,421730.4,1753,,V,False,False
99645,2018-02-05T15:34:50,4368.0,193.2,2.0,193.2,843897.6,1753,,V,False,False
99642,2018-02-05T15:30:47,4368.0,194.0,2.0,194.0,847392.0,1753,,V,False,False
99641,2018-02-05T15:28:54,2184.0,195.0,1.0,195.0,425880.0,1753,,V,False,False
99640,2018-02-05T15:28:54,2184.0,196.0,1.0,196.0,428064.0,1753,,V,False,False
99638,2018-02-05T15:28:20,4368.0,196.5,2.0,196.5,858312.0,1753,,V,False,False
99637,2018-02-05T15:28:13,2184.0,197.0,1.0,197.0,430248.0,1753,,V,False,False
99623,2018-02-05T14:52:35,2184.0,200.0,1.0,200.0,436800.0,1753,,C,False,False
99622,2018-02-05T14:52:35,2184.0,198.0,1.0,198.0,432432.0,1753,,C,False,False
99603,2018-02-05T11:57:05,2184.0,195.0,1.0,195.0,425880.0,1753,,V,False,False
99547,2018-02-02T16:57:44,2184.0,206.0,1.0,206.0,449904.0,1753,,V,False,False
99523,2018-02-02T15:10:49,3276.0,206.0,1.5,206.0,674856.0,1753,,V,False,False
99509,2018-02-02T12:24:49,2184.0,205.0,1.0,205.0,447720.0,1753,,C,False,False
99508,2018-02-02T12:22:59,2184.0,208.0,1.0,208.0,454272.0,1753,,C,False,False
99503,2018-02-02T11:58:12,2184.0,203.0,1.0,203.0,443352.0,1753,,V,False,False
99476,2018-02-02T09:57:12,2184.0,205.0,1.0,205.0,447720.0,1753,,V,False,False
99452,2018-02-01T16:45:45,2184.0,210.0,1.0,210.0,458640.0,1753,,V,False,False
99440,2018-02-01T16:01:06,1092.0,217.0,0.5,217.0,236964.0,1753,,C,False,False
99400,2018-02-01T14:53:51,4368.0,217.0,2.0,217.0,947856.0,1753,,C,False,False
99395,2018-02-01T14:46:56,2184.0,217.0,1.0,217.0,473928.0,1753,,C,False,False
99394,2018-02-01T14:46:56,2184.0,216.0,1.0,216.0,471744.0,1753,,C,False,False
99387,2018-02-01T14:21:32,6552.0,215.0,3.0,215.0,1408680.0,1753,,C,False,False
99383,2018-02-01T13:40:45,2184.0,215.0,1.0,215.0,469560.0,1753,,C,False,False
99382,2018-02-01T13:38:42,2184.0,215.0,1.0,215.0,469560.0,1753,,C,False,False
99363,2018-02-01T12:07:26,2184.0,212.0,1.0,212.0,463008.0,1753,,C,False,False
99361,2018-02-01T12:05:03,1092.0,210.0,0.5,210.0,229320.0,1753,,C,False,False
99350,2018-02-01T11:56:37,2184.0,209.0,1.0,209.0,456456.0,1753,,C,False,False
99335,2018-02-01T11:27:26,2184.0,207.0,1.0,207.0,452088.0,1753,,C,False,False
99325,2018-02-01T11:22:52,2184.0,206.0,1.0,206.0,449904.0,1753,,C,False,False
99309,2018-02-01T10:56:02,2184.0,205.0,1.0,205.0,447720.0,1753,,C,False,False
99294,2018-02-01T10:11:35,4368.0,200.0,2.0,200.0,873600.0,1753,,C,False,False
99290,2018-02-01T10:08:40,2184.0,200.0,1.0,200.0,436800.0,1753,,C,False,False
99289,2018-02-01T10:08:40,4368.0,199.0,2.0,199.0,869232.0,1753,,C,False,False
99274,2018-02-01T09:42:36,2184.0,196.0,1.0,196.0,428064.0,1753,,C,False,False
99261,2018-01-31T17:21:17,2184.0,185.5,1.0,185.5,405132.0,1753,,V,False,False
99245,2018-01-31T10:26:20,4368.0,192.0,2.0,192.0,838656.0,1753,,C,False,False
99244,2018-01-31T10:23:24,4368.0,190.0,2.0,190.0,829920.0,1753,,C,False,False
99243,2018-01-31T10:21:39,4368.0,190.0,2.0,190.0,829920.0,1753,,C,False,False
99193,2018-01-30T15:18:11,4368.0,183.0,2.0,183.0,799344.0,1753,,C,False,False
99189,2018-01-30T15:15:27,2184.0,182.5,1.0,182.5,398580.0,1753,,C,False,False
99181,2018-01-30T14:33:36,4368.0,181.0,2.0,181.0,790608.0,1753,,C,False,False
99154,2018-01-30T10:48:13,4368.0,183.0,2.0,183.0,799344.0,1753,,C,False,False
99153,2018-01-30T10:48:13,2184.0,182.0,1.0,182.0,397488.0,1753,,C,False,False
99151,2018-01-30T10:46:33,2184.0,181.0,1.0,181.0,395304.0,1753,,C,False,False
99148,2018-01-30T10:37:55,4368.0,180.0,2.0,180.0,786240.0,1753,,C,False,False
99135,2018-01-30T10:18:36,6552.0,177.0,3.0,177.0,1159704.0,1753,,V,False,False
99133,2018-01-30T10:06:58,2184.0,180.0,1.0,180.0,393120.0,1753,,C,False,False
99131,2018-01-30T10:05:56,2184.0,179.0,1.0,179.0,390936.0,1753,,C,False,False
99130,2018-01-30T10:05:40,2184.0,178.0,1.0,178.0,388752.0,1753,,C,False,False
99128,2018-01-30T10:02:35,4368.0,175.0,2.0,175.0,764400.0,1753,,C,False,False
99123,2018-01-30T09:37:04,2184.0,171.0,1.0,171.0,373464.0,1753,,C,False,False
99122,2018-01-30T09:30:46,2184.0,167.0,1.0,167.0,364728.0,1753,,C,False,False
99116,2018-01-29T17:55:43,2184.0,166.0,1.0,166.0,362544.0,1753,,C,False,False
99113,2018-01-29T17:54:35,2184.0,165.5,1.0,165.5,361452.0,1753,,C,False,False
99106,2018-01-29T17:26:56,2184.0,164.0,1.0,164.0,358176.0,1753,,C,False,False
99094,2018-01-29T15:15:15,2184.0,166.0,1.0,166.0,362544.0,1753,,V,False,False
99073,2018-01-29T11:35:45,4368.0,167.0,2.0,167.0,729456.0,1753,,V,False,False
99058,2018-01-29T10:55:56,2184.0,167.0,1.0,167.0,364728.0,1753,,V,False,False
99054,2018-01-29T09:49:26,2184.0,165.0,1.0,165.0,360360.0,1753,,C,False,False
99051,2018-01-26T17:57:51,1092.0,155.0,0.5,155.0,169260.0,1753,,C,False,False
99049,2018-01-26T17:56:15,2184.0,155.0,1.0,155.0,338520.0,1753,,C,False,False
99037,2018-01-26T15:40:34,4368.0,155.0,2.0,155.0,677040.0,1753,,C,False,False
99034,2018-01-26T15:18:16,2184.0,155.0,1.0,155.0,338520.0,1753,,C,False,False
99033,2018-01-26T15:15:28,4368.0,154.0,2.0,154.0,672672.0,1753,,V,False,False
99032,2018-01-26T15:05:41,21840.0,154.0,10.0,154.0,3363360.0,1753,,C,False,False
99031,2018-01-26T14:45:31,2184.0,154.0,1.0,154.0,336336.0,1753,,C,False,False
99029,2018-01-26T14:10:39,5678.4,152.0,2.6,152.0,863116.8,1753,,C,False,False
99027,2018-01-26T14:05:40,873.6,152.0,0.4,152.0,132787.2,1753,,C,False,False
99023,2018-01-26T12:04:54,4368.0,152.0,2.0,152.0,663936.0,1753,,C,False,False
99019,2018-01-26T10:36:27,2184.0,148.0,1.0,148.0,323232.0,1753,,V,False,False
99015,2018-01-25T17:32:20,2184.0,148.0,1.0,148.0,323232.0,1753,,C,False,False
99014,2018-01-25T17:14:33,2184.0,147.0,1.0,147.0,321048.0,1753,,C,False,False
99013,2018-01-25T17:14:28,2184.0,145.5,1.0,145.5,317772.0,1753,,V,False,False
99012,2018-01-25T17:11:37,6552.0,146.5,3.0,146.5,959868.0,1753,,V,False,False
99003,2018-01-25T16:28:44,4368.0,149.0,2.0,149.0,650832.0,1753,,C,False,False
98996,2018-01-25T14:12:12,2184.0,146.0,1.0,146.0,318864.0,1753,,C,False,False
98995,2018-01-25T14:06:48,2184.0,146.5,1.0,146.5,319956.0,1753,,C,False,False
98993,2018-01-25T12:21:19,4368.0,145.0,2.0,145.0,633360.0,1753,,V,False,False
98990,2018-01-25T12:08:03,4368.0,146.0,2.0,146.0,637728.0,1753,,V,False,False
98983,2018-01-25T11:15:50,2184.0,146.0,1.0,146.0,318864.0,1753,,C,False,False
98982,2018-01-25T10:51:07,2184.0,146.0,1.0,146.0,318864.0,1753,,C,False,False
98981,2018-01-25T10:41:55,2184.0,145.0,1.0,145.0,316680.0,1753,,V,False,False
98980,2018-01-25T10:41:55,2184.0,146.0,1.0,146.0,318864.0,1753,,V,False,False
98979,2018-01-25T10:36:27,4804.8,151.0,2.2,151.0,725524.8,1753,,V,False,False
98978,2018-01-25T10:31:30,3931.2,151.0,1.8,151.0,593611.2,1753,,V,False,False
98971,2018-01-24T17:18:03,873.6,153.0,0.4,153.0,133660.8,1753,,V,False,False
98969,2018-01-24T17:13:59,1747.2,153.0,0.8,153.0,267321.6,1753,,V,False,False
98968,2018-01-24T17:11:15,436.8,153.0,0.2,153.0,66830.4,1753,,V,False,False
98953,2018-01-24T16:37:05,4368.0,153.0,2.0,153.0,668304.0,1753,,V,False,False
98948,2018-01-24T16:12:34,8736.0,155.0,4.0,155.0,1354080.0,1753,,C,False,False
98946,2018-01-24T16:11:12,4368.0,155.0,2.0,155.0,677040.0,1753,,V,False,False
98942,2018-01-24T16:00:35,2184.0,155.0,1.0,155.0,338520.0,1753,,V,False,False
98938,2018-01-24T15:27:00,6552.0,155.5,3.0,155.5,1018836.0,1753,,V,False,False
98937,2018-01-24T15:27:00,2184.0,156.0,1.0,156.0,340704.0,1753,,V,False,False
98927,2018-01-24T11:53:04,6552.0,155.0,3.0,155.0,1015560.0,1753,,V,False,False
98923,2018-01-24T11:50:21,10920.0,155.0,5.0,155.0,1692600.0,1753,,V,False,False
98922,2018-01-24T11:48:51,2184.0,160.0,1.0,160.0,349440.0,1753,,C,False,False
98921,2018-01-24T11:48:44,2184.0,161.0,1.0,161.0,351624.0,1753,,V,False,False
98920,2018-01-24T11:47:36,2184.0,160.0,1.0,160.0,349440.0,1753,,V,False,False
98919,2018-01-24T11:47:36,4368.0,161.1,2.0,161.1,703684.8,1753,,V,False,False
98918,2018-01-24T11:47:36,2184.0,162.0,1.0,162.0,353808.0,1753,,V,False,False
98900,2018-01-23T17:16:53,4368.0,164.0,2.0,164.0,716352.0,1753,,C,False,False
98879,2018-01-23T10:06:52,2184.0,163.0,1.0,163.0,355992.0,1753,,V,False,False
98878,2018-01-23T10:01:22,2184.0,165.0,1.0,165.0,360360.0,1753,,V,False,False
98877,2018-01-23T10:01:22,2184.0,165.5,1.0,165.5,361452.0,1753,,V,False,False
98876,2018-01-23T09:39:57,2184.0,168.0,1.0,168.0,366912.0,1753,,V,False,False
98874,2018-01-22T17:34:45,655.2,173.5,0.3,173.5,113677.2,1753,,V,False,False
98873,2018-01-22T17:06:25,6552.0,174.0,3.0,174.0,1140048.0,1753,,V,False,False
98872,2018-01-22T17:04:07,2184.0,175.0,1.0,175.0,382200.0,1753,,V,False,False
98859,2018-01-22T15:26:15,2184.0,176.0,1.0,176.0,384384.0,1753,,C,False,False
98853,2018-01-22T14:46:04,4368.0,173.0,2.0,173.0,755664.0,1753,,C,False,False
98852,2018-01-22T14:45:53,2184.0,174.0,1.0,174.0,380016.0,1753,,C,False,False
98848,2018-01-22T14:01:45,2184.0,171.0,1.0,171.0,373464.0,1753,,V,False,False
98841,2018-01-22T12:19:22,4368.0,171.0,2.0,171.0,746928.0,1753,,C,False,False
98840,2018-01-22T12:18:21,2184.0,170.0,1.0,170.0,371280.0,1753,,C,False,False
98828,2018-01-22T10:31:42,4368.0,170.0,2.0,170.0,742560.0,1753,,C,False,False
98796,2018-01-19T12:06:44,2184.0,160.0,1.0,160.0,349440.0,1753,,C,False,False
98794,2018-01-19T11:28:44,2184.0,160.0,1.0,160.0,349440.0,1753,,V,False,False
98789,2018-01-19T10:56:42,2184.0,162.0,1.0,162.0,353808.0,1753,,V,False,False
98761,2018-01-18T15:15:55,4368.0,160.0,2.0,160.0,698880.0,1753,,V,False,False
98751,2018-01-18T11:20:26,2184.0,165.0,1.0,165.0,360360.0,1753,,V,False,False
98747,2018-01-18T11:05:02,2184.0,165.0,1.0,165.0,360360.0,1753,,V,False,False
98746,2018-01-18T10:53:27,2184.0,164.5,1.0,164.5,359268.0,1753,,C,False,False
98745,2018-01-18T10:52:33,2184.0,165.0,1.0,165.0,360360.0,1753,,C,False,False
98744,2018-01-18T10:52:33,4368.0,164.9,2.0,164.9,720283.2,1753,,C,False,False
98739,2018-01-18T10:45:43,2184.0,164.5,1.0,164.5,359268.0,1753,,C,False,False
98680,2018-01-17T11:24:51,2184.0,155.0,1.0,155.0,338520.0,1753,,C,False,False
98679,2018-01-17T11:24:51,2184.0,154.9,1.0,154.9,338301.6,1753,,C,False,False
98672,2018-01-17T11:07:59,2184.0,150.0,1.0,150.0,327600.0,1753,,C,False,False
98671,2018-01-17T11:00:44,4368.0,145.0,2.0,145.0,633360.0,1753,,V,False,False
98670,2018-01-17T11:00:44,4368.0,146.0,2.0,146.0,637728.0,1753,,V,False,False
98657,2018-01-16T15:12:54,2184.0,165.0,1.0,165.0,360360.0,1753,,C,False,False
98617,2018-01-16T09:45:46,2184.0,147.0,1.0,147.0,321048.0,1753,,C,False,False
98615,2018-01-15T17:46:15,2184.0,145.0,1.0,145.0,316680.0,1753,,V,False,False
98595,2018-01-15T16:46:44,2184.0,150.0,1.0,150.0,327600.0,1753,,V,False,False
98592,2018-01-15T16:37:07,4368.0,152.0,2.0,152.0,663936.0,1753,,C,False,False
98581,2018-01-15T11:27:37,2184.0,152.0,1.0,152.0,331968.0,1753,,V,False,False
86698,2018-01-12T17:21:47,218.4,161.5,0.1,161.5,35271.6,1753,,,False,False
86643,2018-01-11T12:09:47,2184.0,166.5,1.0,166.5,363636.0,1753,,,False,False
86642,2018-01-11T12:09:34,2184.0,165.0,1.0,165.0,360360.0,1753,,,False,False
86641,2018-01-11T12:09:13,2184.0,166.0,1.0,166.0,362544.0,1753,,,False,False
86625,2018-01-11T11:04:07,2184.0,164.0,1.0,164.0,358176.0,1753,,,False,False
86623,2018-01-11T11:00:08,2184.0,166.5,1.0,166.5,363636.0,1753,,,False,False
86621,2018-01-11T10:58:34,2184.0,165.0,1.0,165.0,360360.0,1753,,,False,False
86613,2018-01-11T10:46:13,2184.0,165.0,1.0,165.0,360360.0,1753,,,False,False
86612,2018-01-11T10:45:04,873.6,165.0,0.4,165.0,144144.0,1753,,,False,False
86610,2018-01-11T10:43:28,218.4,165.0,0.1,165.0,36036.0,1753,,,False,False
86609,2018-01-11T10:39:48,1092.0,165.0,0.5,165.0,180180.0,1753,,,False,False
86608,2018-01-11T10:39:34,1092.0,165.0,0.5,165.0,180180.0,1753,,,False,False
86606,2018-01-11T10:31:06,4368.0,167.0,2.0,167.0,729456.0,1753,,,False,False
86591,2018-01-10T17:46:20,2184.0,175.0,1.0,175.0,382200.0,1753,,,False,False
86583,2018-01-10T17:40:35,2184.0,175.0,1.0,175.0,382200.0,1753,,,False,False
86582,2018-01-10T17:35:12,4368.0,175.01,2.0,175.01,764443.68,1753,,,False,False
86580,2018-01-10T17:23:45,2184.0,175.0,1.0,175.0,382200.0,1753,,,False,False
86554,2018-01-10T11:02:29,2184.0,175.0,1.0,175.0,382200.0,1753,,,False,False
86522,2018-01-09T17:50:40,2184.0,175.0,1.0,175.0,382200.0,1753,,,False,False
86515,2018-01-09T16:58:58,2184.0,178.5,1.0,178.5,389844.0,1753,,,False,False
86511,2018-01-09T16:00:48,2184.0,178.0,1.0,178.0,388752.0,1753,,,False,False
86510,2018-01-09T15:51:40,2184.0,179.0,1.0,179.0,390936.0,1753,,,False,False
86509,2018-01-09T15:49:08,2184.0,179.0,1.0,179.0,390936.0,1753,,,False,False
86477,2018-01-09T14:18:07,2184.0,180.0,1.0,180.0,393120.0,1753,,,False,False
86475,2018-01-09T11:55:12,1092.0,185.0,0.5,185.0,202020.0,1753,,,False,False
86471,2018-01-09T11:42:11,4368.0,185.0,2.0,185.0,808080.0,1753,,,False,False
86468,2018-01-09T11:08:03,2184.0,183.0,1.0,183.0,399672.0,1753,,,False,False
86467,2018-01-09T11:03:10,2184.0,183.0,1.0,183.0,399672.0,1753,,,False,False
86457,2018-01-09T10:11:36,2184.0,180.0,1.0,180.0,393120.0,1753,,,False,False
86431,2018-01-09T09:38:31,4368.0,179.0,2.0,179.0,781872.0,1753,,,False,False
86429,2018-01-09T09:35:20,2184.0,179.0,1.0,179.0,390936.0,1753,,,False,False
86416,2018-01-08T17:15:06,15288.0,180.0,7.0,180.0,2751840.0,1753,,,False,False
86253,2018-01-04T16:24:22,4368.0,187.0,2.0,187.0,816816.0,1753,,,False,False
86236,2018-01-04T16:20:11,4368.0,189.0,2.0,189.0,825552.0,1753,,,False,False
86145,2018-01-03T13:50:10,10920.0,194.0,5.0,194.0,2118480.0,1753,,,False,False
85987,2017-12-27T11:53:52,2184.0,240.0,1.0,240.0,524160.0,1753,,,False,False
85890,2017-12-20T17:01:54,9391.2,202.0,4.3,202.0,1897022.4,1753,,,False,False
85889,2017-12-20T16:59:07,1528.8,202.0,0.7,202.0,308817.6,1753,,,False,False
85665,2017-12-11T11:15:26,2184.0,200.0,1.0,200.0,436800.0,1753,,,False,False
85546,2017-12-05T11:19:41,4368.0,195.0,2.0,195.0,851760.0,1753,,,False,False
